ave_flot_air_flow,ave_flot_level,iron_feed,starch_flow,amina_flow,ore_pulp_flow,ore_pulp_pH,ore_pulp_density,actual,predicted,error
0.5282392547589218,1.6305567699340668,-0.6763766248962402,-1.8906799760780428,0.9500010810953162,-0.8961162986338015,0.3710974993980027,0.4758474724974202,2.0500000000000065,1.546386477353862,0.5036135226461445
0.6381846307055522,1.6331683019852143,1.1185121741692612,-0.0821146243166569,-1.776058860744396,-0.1887685544756901,0.469988633105096,-0.1449418531064518,0.9900000000000008,1.4724606477377649,-0.4824606477377641
0.5761626756183433,-0.5931086890800609,-1.0427162332992783,-1.549309815479427,1.1069372125138757,-0.0862714046250291,-0.131097838759541,1.9509632937686243,2.930000000000004,2.323092667290734,0.60690733270927
-2.054549253901661,-0.8595189868347137,1.1185121741692612,0.1532507062827555,0.374007904336845,-0.117861881163008,-0.1690279583453179,0.6860303614959703,4.78999999999999,2.58919397155524,2.20080602844475
0.6112249102003429,0.5965369203063765,1.1185121741692612,-0.4343242272664364,-0.1184381296506327,-1.101357094866117,0.0063175897986718,0.5928907540531392,1.689999999999998,1.6580089327885477,0.031991067211450286
-0.7536924898286422,0.2665684307677571,-0.0330912838249603,-0.6098493150056331,0.8126658227422309,-0.145939782126677,2.186233769792432,0.2389661401823615,1.8500000000000023,2.5564823676486497,-0.7064823676486474
-2.053475485539257,-0.6300593065231712,-0.8832095138510795,-1.1973306164051944,-1.0185930155616223,1.8907832166931755,-0.3927781740451611,-1.940048101585829,2.089999999999994,3.112450287412554,-1.02245028741256
-2.0418671029689737,1.632665906533111,-0.8534115552728334,-0.3318530289394354,-0.784432962123504,-0.8148567709977462,-0.1328303907485183,0.69693812613787,1.0800000000000034,1.5302538961445353,-0.45025389614453193
0.6062724124572126,-0.8202939591860153,-0.7692761428166114,2.014578608270177,-2.4546303985405906,-0.3153185764002892,1.1177386698853116,-2.745870485389468,1.1899999999999982,2.0613194373508725,-0.8713194373508744
0.6109517352464557,-0.8485013332556923,1.1185121741692612,0.3856697711302425,-2.14895134027848,-0.335284795452196,0.2724520544079723,-1.5924750222541046,1.6399999999999926,1.61155752525929,0.028442474740702606
0.6060477493521972,-0.593051690592582,1.1185121741692612,-0.0498208313591781,-0.0660484260838443,-0.7926720831624491,0.667476568096475,0.4154886929544759,1.4199999999999944,1.662179287486422,-0.2421792874864277
-2.048545468896799,-0.5837312825156157,1.1185121741692612,0.5407111336754614,-0.0834346873406123,-0.1906756592196056,-0.010309056849701,1.8930773470000335,3.3099999999999943,2.8479723373111825,0.4620276626888118
0.6311016049651132,-0.6054356573356617,1.1185121741692612,0.0712811774150189,0.4169525505875822,-0.4952286106451994,-0.0679292364601155,-0.4996624946352301,1.2400000000000029,2.423848294159355,-1.1838482941593522
0.6094381064005976,-0.3388160992073483,-0.970850568492952,-0.723480789993802,1.0681003814458878,-0.8353386867407239,-1.0766953761060174,1.360862702825625,1.219999999999999,2.1541042425388865,-0.9341042425388875
0.5920495666166744,-0.8471731199493336,-1.4143143049808156,0.5137117238216775,1.3234337464780652,-0.0691593559379284,-0.9347853451408218,1.7527373183536334,1.0999999999999963,2.3180697460844932,-1.218069746084497
0.5969270780567936,-0.8521696205657106,-0.3433406172571632,-0.7946213069163677,1.5267691392220744,0.8642192208598988,0.0368073125613717,1.0331632871304723,1.529999999999999,2.2639436571354,-0.7339436571354012
0.5898725973981708,-0.603319946104135,1.1185121741692612,0.1561758919309112,0.3696720011500028,-0.0015544387972579,0.1878057358968997,-0.8839713925532261,1.6299999999999968,2.3103616137793908,-0.680361613779394
0.6284307910410927,-1.5524434115301309,-1.2179983425830223,-0.0745981786484238,1.5139481563345845,1.0590747290150653,0.9589055696897916,0.9372056430679752,2.569999999999994,2.6340978104435795,-0.06409781044358542
-0.7990247419793678,0.9362730721807756,1.1185121741692612,0.148225938273637,0.6424437152562789,2.558946334965368,-1.19427405346432,0.7525048236806527,1.689999999999998,2.5558180742617758,-0.8658180742617778
0.6043532363868975,1.633123269879042,1.1185121741692612,0.4623571285890974,-2.0172819192391644,-0.1429980406257665,-0.3890867628267202,-0.6560578864405238,1.1999999999999966,1.3430198790876913,-0.14301987908769465
0.6057858149486369,-0.891116024092596,1.1185121741692612,-1.0319499541314596,0.1854825711886623,1.4843980073766618,0.2734999842411628,-0.2284580572730494,5.210000000000012,2.188621041988359,3.0213789580116535
-2.025569340274944,-0.6028456097530059,-0.1750697923447963,0.2094276226899581,0.2745611913063867,-1.4356128783385442,0.1897446436064279,0.7822497287353392,0.8499999999999972,3.368353019978319,-2.5183530199783215
-0.6894253827109565,-0.6075384668825301,-0.0330912838249603,0.0419848085715046,1.0529432556602278,-1.7341007177392072,0.7875106125090873,0.3487323611017051,5.200000000000016,2.4143436789294244,2.785656321070592
-2.079976414107786,-0.635509236709553,-0.8534115552728334,1.2741255869698451,0.0403682719143242,1.8529427557315723,1.511834392816847,0.0731897492716633,3.54,2.948162432090064,0.5918375679099359
0.5718605028737633,-0.8638695504412349,1.1185121741692612,0.7566646336127869,1.108393011230722,-0.0889050254615835,1.1229526670971102,0.3035580382844306,1.8700000000000032,2.2927784046687707,-0.4227784046687675
-2.047659388144847,-0.6161000963494421,-0.8832095138510795,-1.8820112079934568,-0.2375127679449561,-0.2589097911905251,0.0557356045532206,-0.4066210333836802,2.8500000000000094,2.7754532786546298,0.07454672134537965
-2.0480025207345025,0.2082705409975545,-0.8832095138510795,-1.4583457206482366,0.6073437345698218,0.1527913104299934,0.4483334433732048,1.1113948265473823,2.4499999999999926,2.340889927778276,0.10911007222171643
0.620830256278595,-0.6085857590720436,1.1185121741692612,-0.1522887061370547,-1.8869160666235252,0.4646288830366711,-0.4623569146806212,-1.7225899851412527,2.149999999999995,1.6023856576182283,0.5476143423817668
0.6103204896030996,-0.7779485669461906,0.4103724526628994,-0.7596236065793188,-1.0810565201638096,-0.4066066208177104,0.2270456252633053,-0.8668262682355616,1.5800000000000034,1.6023538350071527,-0.02235383500714927
-0.7289016039331246,1.024793322890441,1.1185121741692612,-0.7309118275230222,0.7578437167894667,-0.5557564826317,-0.2091766869487312,-0.2128229177493949,1.6399999999999926,2.201192490097084,-0.5611924900970915
0.6066900876439306,-0.6127234036182144,-0.6045109600899237,-1.3818808851940525,-0.9129135275119726,0.3013703381705174,0.0530157373487697,-1.4284476414732188,1.990000000000005,2.6443958441382733,-0.6543958441382682
0.5997517100382539,0.1380200702377016,-1.2179983425830223,-0.2070819450664565,0.6582579026850258,-2.006881563603712,1.0814573059047556,-0.3445069035684799,1.300000000000004,2.2912336540186065,-0.9912336540186024
0.6066519289335336,-0.5332369479935128,1.1185121741692612,-1.0203906323172895,-0.5576807059167701,-1.232882454676722,-0.1823899662874434,-0.4180037353421898,1.5500000000000052,1.9430056507463025,-0.39300565074629734
0.6106262029922339,-0.8475506248931685,-1.4143143049808156,-0.5701421665757268,1.219113347145011,-0.3503859513826212,-0.7272359536493171,0.5026729700069699,1.0999999999999963,2.000761929032818,-0.9007619290328217
0.596255159369433,-0.9616618168902374,-0.7044217623816642,-0.4675535997925655,0.5948285852589095,-0.7718885335058174,0.3902374675157174,-0.0002890326277848,1.8700000000000032,2.156725078827163,-0.2867250788271596
0.59447737759037,-0.5972365679587271,1.1185121741692612,-0.1322146228978005,-0.4000463231478446,0.2913677683920926,-0.4347785937137991,-0.8223254313517854,1.1100000000000043,1.7188280422552635,-0.6088280422552592
0.6450681366772957,-0.12652297687369,1.1185121741692612,-0.2345729234103906,-1.5560892621491011,0.7766026774111457,1.633791383722982,-1.9543537550581636,1.0699999999999956,1.654628303931306,-0.5846283039313105
-2.1601564429720024,1.6346167292830212,-0.9322885044505306,0.0897735583659704,-0.9500361802617892,1.8883279815042804,0.2349500374358406,0.6479462549134899,1.0,1.392323441861065,-0.39232344186106505
0.607617433047822,-0.8607728710324057,1.1973891233468723,-0.1705524577111443,0.1872177305139744,-0.127384431380053,-0.9937027535765524,-1.1377187812080378,1.7900000000000025,2.9776899779978994,-1.1876899779978969
0.5784449510453789,-0.5667626649897683,1.1185121741692612,-1.2910154882614742,0.5363569639758485,-0.92508612783663,-0.2242562357362794,-0.6357698277664101,3.209999999999996,2.7581489245256994,0.4518510754742966
-0.7183131534051683,1.609060252532633,1.1185121741692612,-0.4174089068352143,-0.6100641452155797,0.3079608770128046,0.5647243402441929,-1.0737421299921108,1.910000000000004,1.6441170851814102,0.2658829148185937
0.613242145282303,1.60878018419239,-1.3932804518667647,0.1383469756240728,1.23903449163761,1.339276417828584,1.4041075859920755,0.7772657072038187,1.1299999999999972,1.539855824442521,-0.40985582444252366
0.5850564652790232,0.2952952787456019,1.1185121741692612,-0.1393275592120064,-1.2423026824843268,-0.8413129842542326,0.4600472657535957,0.0618623250530836,2.6499999999999915,1.6653294635740656,0.9846705364259258
0.6091437814637943,-0.0966486996435076,-1.5019553596226856,2.265262366133288,2.7366490851298595,3.311964442881704,-2.537579915484109,-0.0929209873569303,3.170000000000001,2.891861814655724,0.27813818534427703
0.5971993655988556,-0.1597205520164816,-1.3144035026891023,-0.7993775413699222,0.0595709992623611,2.618048529271899,-1.390489271497777,-0.4744163611238845,1.560000000000002,2.0549325353529877,-0.49493253535298565
0.6025222098956292,-1.2135689155281986,-2.111937099930062,1.7696358574003552,1.7963211053970405,-0.8741845940803329,-0.888247379793681,1.437456780211526,1.8600000000000083,2.2997016664916288,-0.43970166649162046
0.6052654957889988,1.6168360071008008,-0.9831203161427902,-0.5833698508293161,-1.4654420435848992,0.4682874105047315,0.8610579954829518,-2.1574633495790136,1.0900000000000027,1.4517562472298724,-0.36175624722986965
0.6153209075871937,-0.8445980097116121,-0.5396565796549664,-1.3780375345131772,-0.2217296444204559,0.2963431062778329,-0.4535535440237849,0.7907489632799277,1.1999999999999966,1.733701186595093,-0.5337011865950965
0.6140913984416593,-0.857202432959821,-1.2179983425830223,0.4169711921171469,3.3010752910579364,2.272164158525092,-0.7133911189245334,0.5389622422172186,1.219999999999999,2.605370359421197,-1.385370359421198
-2.0419244889365507,-0.6016788738218806,-0.1873395399946357,0.3493999813932183,-0.1682829958023585,-0.8630663031594445,-0.2718706330879774,-0.2718053943795934,4.713084663428889,3.523713493431821,1.189371169997068
0.5967035981675934,-0.5716405883955933,-0.6045109600899237,-1.8062786481765265,0.9199271886283747,0.0616135407761008,-0.2347133023746929,1.899002218227576,2.7599999999999936,2.171367570045208,0.5886324299547856
-0.833184478689842,-0.0971397064016849,1.1185121741692612,-0.2597877146874776,-0.6852164823943914,-0.866491307597119,0.5465266539112636,-1.0082301113464536,1.7299999999999995,2.3481276447027004,-0.6181276447027009
0.3776813266908778,-0.8773872974262579,-2.111937099930062,2.062006346414526,1.5514433184996548,1.2659177527019927,-0.8242892673478893,0.9840608604262367,3.450000000000005,2.329485718817,1.120514281183005
0.605632588499132,-0.3712120093298644,-1.0357049489279553,-0.1686671367054776,-0.2120026092332737,0.9062533662322748,0.6457681743113863,-0.4669978628008457,1.2400000000000029,1.896421049078097,-0.6564210490780942
-0.8924962779268271,0.2547633434510462,-0.9463110731932184,1.9982809731127933,0.8085703859246419,-0.080809560427207,1.1228918624648958,0.3260989468902417,1.6800000000000053,1.8789760812707308,-0.19897608127072552
0.5994760207507139,-0.8620015570570624,-2.150499163972495,-2.612802241982621,1.2349731914500188,-0.9653617740306965,-0.0338366492245902,0.8976716552683814,1.0900000000000027,2.1551528085235936,-1.0651528085235908
-0.7291175408214389,1.6294937426408664,1.1185121741692612,-0.2913570528271935,-1.1062270354141683,-0.9435149869419416,0.2072884901286633,0.0124846377662846,1.0600000000000018,1.541571916458696,-0.48157191645869424
0.6191565974922668,-0.8545386064469431,-1.352965566731474,-1.702400162265095,1.0049738083683102,-1.1432809654749647,-1.1940120235024207,1.0943783075838576,1.0399999999999994,2.31218810166653,-1.2721881016665308
0.5984049146239216,0.1330903612852177,0.070325160652463,-1.7289310951586974,-0.9719648939250636,-0.276093194136809,-2.6300388226452305,0.6048657175109555,2.470000000000012,1.8336730936615238,0.6363269063384884
0.5853238720557745,1.5955179675887157,1.1185121741692612,0.4558448427056333,-1.5721941802617656,-0.7858934285456861,0.6799386674819339,0.3092775921922114,1.720000000000004,1.3216789899088437,0.3983210100911603
0.644820548765632,-0.5056801341037779,-1.5475287080364677,0.9440813507617256,0.6428330008960711,0.5116351229200005,1.2255946865535283,0.1671934944449396,1.7799999999999951,1.998170421628107,-0.21817042162811195
0.6195525310881337,-0.0242195222195326,-0.9410526099147034,0.2287286987590699,-0.0460948017908185,-2.2467616092633267,0.163962339463464,-1.1753132849510852,3.4199999999999977,2.0236505976383654,1.3963494023616323
-0.7425491110781419,0.4909585623405214,-0.0330912838249603,-1.9117261999711508,-0.0566844095168583,-3.1406894157914444,1.5648275299307532,-0.7827673792906098,1.5699999999999947,2.391119874877715,-0.8211198748777202
0.6617362459249503,0.6422639568834873,-0.9375469677290292,0.4812020032312141,-0.1026945654075038,1.1091459586648351,1.6925362590148738,0.4908356368404195,1.0399999999999994,1.9783617005551855,-0.9383617005551861
-2.031200116490551,-0.6003291210291865,-0.7692761428166114,0.0284773387411847,-0.4404923845923091,-0.1335273844151347,-2.091593662910092,-0.8072898860888513,4.429999999999986,2.6202659756073836,1.8097340243926028
-2.0342150983180387,-0.6026213295076467,1.1185121741692612,0.2220742422542888,0.3811228255870497,0.9255190161945502,0.1550390696724209,0.661603241029402,3.3649944506111145,3.2053782407168345,0.15961620989427994
0.6154920301760773,0.615704009657174,-0.4274760297133703,-0.274480221772181,-1.5514851968054575,-0.4823199764950907,0.1138787040006676,0.3760147460536073,1.1100000000000043,1.5287585246664408,-0.4187585246664365
-2.074771151883737,-1.809547508547685,-0.8832095138510795,0.7519717709818758,0.0072851280826738,0.521342545536137,-0.6193523848821236,0.0414727358361779,1.3899999999999937,2.3772540172872536,-0.9872540172872599
-2.042457675568298,-2.1470834026996144,1.1185121741692612,-0.8223616759257497,-1.6134129777772688,-1.4046645901326833,-1.1114070305032258,-0.9381492182774488,1.8799999999999968,2.3200473304996474,-0.4400473304996506
0.6204137643077378,-0.868468629653868,0.3455180722279647,-0.2645033424935763,0.6522532156699236,-0.262736974179694,-0.6433586237212133,0.6083673931184311,1.660000000000001,2.350567453189301,-0.6905674531893
0.5962270579935475,0.635574199558825,-1.0006485270711931,0.1358560810456883,-0.4850675425682916,0.0362179112808779,0.9637334574871054,0.8979189636125791,1.1200000000000028,1.520132747245417,-0.40013274724541414
0.5991084843346681,-0.841445487190047,1.1185121741692612,0.8675714110789345,0.8472174869034421,-0.6528177352868826,0.2243669912000857,0.9600533995362944,1.8199999999999947,2.330668775874648,-0.5106687758746531
0.5914755590389182,-0.8697596233880497,-1.1180875402912418,1.7304775909206191,1.294833587413004,-0.4106543533352637,-0.3150020189156577,0.6160825862496437,2.58999999999999,2.2032925138369266,0.3867074861630635
0.6061668104447179,0.6287356739811396,-0.1663056868805687,0.5078443220293064,0.979990963721775,1.329929009883482,-0.7827220806837626,0.6238575695894149,1.169999999999996,1.9853702797421797,-0.8153702797421838
0.5901806772189537,2.3790633332078683,-0.622039171018268,-2.07909315677186,-0.8724574195271164,0.3875150276913056,-0.454143728985149,-1.5126538222656358,1.340000000000003,1.754589716149662,-0.414589716149659
-0.745936066381028,-0.1945017333023685,1.1185121741692612,-1.4159239611990824,-0.3270621520921853,1.2114095854851763,-0.6900292191723771,-0.8389459811986019,1.7400000000000044,2.6285766267396093,-0.8885766267396049
0.5908338123550925,-0.8682464951044686,-1.3950332729596118,0.4768136188276207,0.8898552698349066,0.1115161149044969,-2.2269793568393803,0.8421132648530683,2.779999999999988,2.1733267170660233,0.6066732829339645
0.6047683972399626,0.6234018039389044,-1.452876369023241,2.796491493175691,0.8690345592976022,-1.055242783221947,2.3445975342330696,0.1683148428836686,1.2700000000000038,2.0698854745281796,-0.7998854745281758
0.6162637826988333,-0.4902396372242912,-1.0006485270711931,-1.0081816183276635,0.3786739258651911,-1.0157579309257374,-0.6687451277114344,0.7360488193191782,2.800000000000008,2.162882698119287,0.6371173018807208
0.5933965099329835,1.6231616288179729,1.1185121741692612,-0.0214408819228874,-2.067690140449898,0.0395780482103367,-0.2868354131322333,-1.1106259199359334,1.1299999999999972,1.4163632474830026,-0.28636324748300535
0.6441777667679679,-0.8593164936559955,-1.3950332729596118,1.1719485827308485,1.0516952075294974,1.1728328783048485,-1.972944443996015,1.013653629284056,1.3300000000000052,2.3813365222369995,-1.0513365222369944
-2.060931520068951,-1.96268765175898,1.1185121741692612,0.2508272286692388,-1.5469760394123555,0.0302436137669046,-1.495739619661428,-1.0333442551522478,1.8199999999999947,1.7959481767736127,0.024051823226381996
-0.738369253269611,-1.1613750539345802,-0.0330912838249603,-0.2685270045314569,1.5660850580729233,3.013783791076777,0.9311949986478988,0.8846083094591283,2.970000000000013,2.956133807955999,0.01386619204401418
0.5835617678864002,0.1233292327604482,0.3665519253419644,-1.0714562502948626,0.6886843103968051,-1.2363658398720427,0.2816573056808014,1.2339433197540035,2.180000000000005,2.8490845835501823,-0.6690845835501773
0.6062559953376394,-0.901478560323008,1.1185121741692612,-0.0261088919066206,-0.2157157755331072,-1.3257273192940395,0.26256503119649,0.2985052016072929,1.7099999999999989,1.6269664670646968,0.08303353293530202
0.541310609747486,0.0472157853424721,-1.5475287080364677,0.0963217572576643,1.43514049006993,-0.5425429711926858,1.187196561314248,1.1192013971670844,1.7900000000000025,2.0489634616362116,-0.2589634616362091
0.6014022961159934,0.6204038815619368,-0.4274760297133703,-0.3951957409520774,-0.8111590753189868,0.8399263390047398,0.1260945446256988,0.4717772258506053,1.3899999999999937,1.6625397991888624,-0.2725397991888687
0.6077944717158456,1.6226242420164116,1.1185121741692612,0.1004593457987124,-1.9727538719908917,-1.493487669235654,0.4199454707256385,-0.583270640348876,1.1500000000000037,1.3545367586896315,-0.20453675868962784
-0.7169524552048703,-0.1113342554076286,1.1185121741692612,0.0215648179338013,-0.7769259663470849,-0.5862442115278893,0.4661499606680299,-1.1537696318983792,1.4900000000000038,1.8469058828744662,-0.35690588287446245
0.603029809485126,-0.6072693195845295,1.1185121741692612,0.1173985260500154,0.4678519590576839,0.6870401087141319,0.1360636540906853,0.0766654781848504,1.6399999999999926,2.2388807266513386,-0.5988807266513461
0.5822955790502289,-0.8584913085069625,-1.2179983425830223,1.5126172851785795,1.1405146328329363,0.9423586213471188,-0.7384996317368804,0.3416240949926448,2.209999999999994,2.2190861727824314,-0.009086172782437174
-2.0316816853318667,-0.6080379188799244,-0.304778553214748,0.0969844770692159,-0.0022331267757012,0.2209476013915587,-0.0805758399014463,0.0310399085109153,3.370000000000004,3.4377340033108066,-0.06773400331080248
0.6118756789048511,-0.8611860550487587,-1.4143143049808156,-0.5979946772547158,1.1091293630603252,1.0817978171690563,-1.2588309015228218,0.5352236620100194,1.0999999999999963,1.923932827766206,-0.8239328277662097
0.6086944552537452,0.4660724991348475,-1.6001133408215291,0.1783172411918804,-0.7891328793484744,1.2336786010813263,1.0839426952462596,0.280400049602142,1.5,1.6677731196812082,-0.16777311968120823
-0.727389306205095,1.648061192498422,1.1185121741692612,0.1642356110942667,-1.6225262863259065,0.5885712311285861,-0.202139500843038,0.2316349299232099,1.4399999999999984,1.4131545397329814,0.026845460267016952
-2.048089930803665,-0.6032135691007237,1.1185121741692612,0.5796211224948373,-0.0516174405128516,0.0266240068042515,-0.015950966660623,-0.0709497779075852,4.127882382633886,3.436207165715194,0.6916752169186919
0.6169748954104385,0.6462655147899178,-0.0330912838249603,0.8641562430284708,0.7457051100526577,0.2127872688488338,0.9754805324006852,0.4140435748961533,2.160000000000007,1.881618665702736,0.27838133429727074
0.6171053449553084,1.6152486597442406,1.1185121741692612,-0.1161280243061897,-0.1669728198631424,-0.2868157932571042,0.3129591503124693,-0.6708452459323002,1.92,1.6568540485502135,0.2631459514497865
0.6129424958742856,-0.8613539144940151,-1.2179983425830223,0.8446101689137951,0.9253423479579672,-0.9362887465185704,-1.6592915393452246,0.041634056587479,1.9300000000000053,2.1526931902985535,-0.22269319029854828
0.6470278378896747,-0.3647761318512039,-1.7946764821265364,-1.3206667714516789,-1.656873181864184,0.1227057600849667,-1.841900390820848,0.2435658968125438,2.1100000000000088,2.68887829045814,-0.5788782904581313
0.6166480320384153,-1.1005384390615185,-1.5562928135005942,-2.234193405346687,1.51184971237221,-0.829951440177071,-1.169271568729373,1.4373563777859326,3.2900000000000027,2.4801810335685186,0.8098189664314841
0.6080850991031896,-0.8547708917887596,1.1185121741692612,0.5553181181369982,0.7226383591018621,-0.6966097901345039,0.0625461033894508,-0.3151532955446692,2.0400000000000045,2.5830103758547547,-0.5430103758547502
0.6079111663766994,-0.5924344453889306,1.1185121741692612,1.00331124192932,-1.521682555723371,-0.2510348756835375,0.170254288795617,-1.0186336076260791,1.4399999999999984,1.60442623289477,-0.16442623289477165
0.601544725721093,-1.092996125209909,-0.0330912838249603,0.9919915717838412,1.2432552352678283,0.1360814402943871,0.50540638129383,0.5252206473156449,4.75,2.563646168485072,2.186353831514928
-2.0444293568409337,0.3798095522238658,0.2718995863287886,1.5613043061790677,-0.0310339998518795,-0.817425524325554,0.7972051510567951,0.1915066750802002,1.5099999999999962,1.8938115549629915,-0.38381155496299524
-2.0993265778298333,-0.6256600246148519,1.1185121741692612,0.4904721518166629,0.0550941929518525,1.231148768258196,-1.4686443154916764,0.1175191123499036,1.280000000000001,3.4325815162503734,-2.1525815162503728
0.5732484150380581,-0.3680599819689086,-1.0357049489279553,0.84182620956004,-0.1467793942430214,0.9121109022308892,0.6892104238212932,0.305747713656212,2.310000000000002,1.8173744349628596,0.4926255650371423
0.5903378970218807,0.6636590213786501,-0.2907559844720603,0.4861298356430156,1.1806935618632908,-0.0126532694658409,-1.9489594867781912,0.3900778543405077,2.0400000000000045,2.0416422814410065,-0.0016422814410019804
0.6002349058013243,0.5285410808368082,1.1185121741692612,-0.0445316444327136,0.254419853503598,0.2000926974756774,1.184063222610772,-0.1628281503861544,1.219999999999999,2.0970229345368185,-0.8770229345368195
0.5460993800006598,1.6119832130957117,1.1185121741692612,0.0953013277125931,-1.322993791020519,-0.2828913090060765,-0.3686928891841982,-2.236068859828364,1.6500000000000004,1.310189985724155,0.33981001427584534
0.6289747745172545,-0.6025930503352875,-0.3398349750715015,2.873627259972121,1.2880734983286803,0.8158280596751568,1.7958661308731405,0.8754197953409655,1.4300000000000048,2.0887079989135735,-0.6587079989135687
0.6332285833149489,0.6360453998927901,1.1185121741692612,0.3005994997454245,-0.5884153499380679,-1.811740638412742,0.6039741103633235,0.1056095796862657,2.0500000000000065,1.6342262197185224,0.41577378028148404
-0.7078255720264093,-0.6159165843272698,1.1185121741692612,0.3158685585334238,-1.1558138652121297,0.0011570230495799,0.2700286097855215,-0.1369107871755732,1.169999999999996,1.8438666134070925,-0.6738666134070965
0.5856746955482933,0.6476089130215077,-0.2907559844720603,0.2149774506892931,1.4521469479007818,-0.0777283537833144,-2.1567539969432845,0.8330815590176186,1.6699999999999977,2.356758798411328,-0.6867587984113301
0.623823940221244,0.6331929171892264,-1.2004701316546342,-0.2939958236456914,-1.4064201106501422,-0.3557245473148469,0.7992611076832508,0.6906003640365209,1.939999999999998,1.8690572604283053,0.07094273957169261
-2.057766269831516,0.3610732388453783,1.1185121741692612,-1.6035751075366211,-1.743565888187438,-1.6724473944841567,-1.0843554296629052,-0.9122572377025432,2.240000000000005,2.7061242368663745,-0.4661242368663694
0.6074294496334163,0.9114749105316696,1.1185121741692612,-0.0567240167825704,-0.276292963165423,0.8815842528293589,0.7402160095199265,-1.8188883205804784,1.1299999999999972,1.8750166137648,-0.7450166137648029
-2.048559223780806,-0.6172023788750868,1.1185121741692612,0.5829957810477963,0.1535997211708567,1.5230979628230512,-0.2396301169466048,0.238890979377857,3.820000000000008,2.995676280202474,0.8243237197975337
-2.046726126661833,-0.6024770452089907,-0.1750697923447963,0.8684634554444144,0.4801306966111515,-1.6325960407654798,0.2761594268423335,0.8942570953710328,3.690000000000011,3.2950677682099623,0.39493223179004877
0.6117402006927297,-0.4296646671196304,1.1185121741692612,-0.9694765595848004,-0.5850241498501775,1.6241172146096257,0.2331770123635489,-1.5085043236072078,1.5,1.9407736245708158,-0.4407736245708158
-0.7346509975353127,-0.6143738564430472,-0.0330912838249603,1.5339782780534037,1.3048937443578523,0.4202724808676137,1.715279091605359,0.5570188851853035,3.3000000000000007,3.1581108844767183,0.14188911552328243
-2.056928257222495,-0.6052910979477847,-0.1750697923447963,0.2356399831965767,0.3441790906282507,-1.21127508766546,0.6316322374099357,0.623129934033109,4.019999999999999,3.4055825518801135,0.6144174481198852
0.6286443614977582,1.3720522889332911,1.1185121741692612,-2.659899137691949,-2.0417319149536564,0.1925388761353793,-0.4888223208635989,-2.0792530563645224,2.4200000000000035,2.242449528280083,0.17755047171992056
-2.076669325873149,-0.6156354431390423,-1.1128290770127656,0.7328323265328831,-0.7091963576685557,-0.5278375070627874,0.8619043199575173,-0.5416713207532372,3.9099999999999993,2.679844091025483,1.2301559089745164
-2.0508102918904134,-0.6230647503369133,1.1185121741692612,0.7483678295453537,-1.030989057968968,-0.0840594225926063,-0.3932608108133401,-0.6542416178425872,1.660000000000001,2.782731030629722,-1.122731030629721
0.5983274879382781,-0.611758555669508,-0.8726925872940348,-0.3259722003657122,1.3203891406145862,-0.0196784206135976,-1.597217610439985,0.6499554315426901,3.440000000000008,2.125430573499619,1.3145694265003889
0.6132275029864437,-0.613920289328425,-1.366988135474165,-0.1537459341535699,1.1891420856987276,-0.3387227733916065,-0.3123005831153691,0.3988309152419911,1.959999999999996,2.1273793804876657,-0.16737938048766976
0.5826500261411955,-0.6361424921061197,1.1185121741692612,0.1932340902980711,-0.2478586784840936,0.1302433645483436,0.4446393719521399,-0.0856694503708847,1.3100000000000018,1.7228259947065405,-0.4128259947065387
0.6115857910273914,0.3781592644525667,-1.2390321956970756,0.1061231700873308,-1.5280922748601116,0.8885510232200667,-0.3893235208633752,0.4140548560675736,1.4300000000000048,1.732406604011492,-0.3024066040114872
0.5998428176568843,1.6454700995767115,1.1185121741692612,-0.7078279557209984,-1.0434887611396455,0.7315813832820154,-1.4489842777541175,-0.8558395353937467,1.660000000000001,1.7704356458103703,-0.11043564581036924
0.5801397598146232,0.1188831581749118,-2.00852065545271,0.550173022761757,0.9294226175239744,1.0206018098480278,0.2249425450467989,0.220465442104452,1.340000000000003,1.9644936593764402,-0.6244936593764372
0.5806832995848542,-0.8594437224226857,1.1185121741692612,1.474672548167767,0.8587395352093423,-0.1790254547301942,1.2130784330424884,0.5118287687279937,1.560000000000002,2.0480459442926495,-0.48804594429264747
0.619339848043357,0.9924935923333552,1.1185121741692612,-0.6200821942666318,-1.1402522126415218,-1.4669734644269683,-0.5184009242155648,-1.5245815751717868,1.0399999999999994,1.8882676824940767,-0.8482676824940774
0.5947458196809505,-0.6002653278378445,-0.5624432538618394,-1.1376973933684489,1.2202020425956874,-0.6250025477317921,0.4659949088558903,2.207723883308569,2.8899999999999904,2.5854073916903104,0.30459260830967994
0.5844336500484327,0.6304555868353618,1.1185121741692612,0.9610468920468156,0.5755950514422956,0.2890390248443773,0.4739952783386518,-0.5574875230781176,2.0,2.016758711632145,-0.01675871163214504
0.6052672706127399,-0.6765026479339593,-0.753500752981073,0.1474873562583331,1.3764928686001132,3.17563665703894,-0.1114666832222951,0.7873082059981148,1.7599999999999956,2.199478650264231,-0.4394786502642354
0.5684832351504239,0.6129243980893782,-0.9375469677290292,1.6678436807053931,-1.012853315663391,0.0100568451870779,1.1990268625682017,0.7961188008738582,1.2100000000000015,1.7451783394511733,-0.5351783394511718
0.6272546745097133,0.6184037353139422,-0.1855867189017688,0.8180623901704349,0.0191448461764097,-0.4640143656555083,0.4194039294700312,0.6680301243849601,1.9300000000000053,1.5231239247423514,0.4068760752576539
0.6043711325262763,-0.2706783962243105,-0.0330912838249603,1.082458826391384,1.1542646152434854,-0.3051278908477206,1.410438868320686,0.5728542655015768,2.699999999999992,1.99251682721435,0.7074831727856421
-2.055792961637142,1.572125049862864,1.1185121741692612,0.4311862713835001,-0.0430718634296269,0.2979193867293045,-1.5029029753789234,-0.1012487480960189,2.677128644146112,1.9027689004067019,0.7743597437394103
0.5712623872735347,0.4235851883637048,1.1185121741692612,-0.1593945061500194,-1.2742492049246332,-0.284389748447331,1.0958235403507135,-0.7759654574186985,1.3300000000000052,1.5749076122180385,-0.24490761221803337
0.6360958110661318,0.6198310082503218,-1.452876369023241,0.6919701541587697,0.8511266475604314,0.0352189516529768,-1.8385014118804224,-0.0832925075535679,2.399999999999993,2.1986687871671795,0.2013312128328133
0.6590922022590139,-0.8635553160192164,-0.9655921052144196,1.6728042320686358,1.1448613483179382,0.9495135075115058,-0.0666857817314588,0.3252742932597948,1.6100000000000074,2.3045389699026684,-0.694538969902661
-0.718926428958162,0.6422879171550104,1.1185121741692612,-0.1693737293026473,-0.1381817293424538,-0.6158692025642399,-1.3908837415491837,-1.55298434160807,2.0500000000000065,2.2723740412902007,-0.22237404129019422
-2.0649275357184758,-0.6046641971123247,1.1185121741692612,0.930300203569257,-0.1673481610707787,1.0319601105491416,-0.8329757791022532,-0.2785628160576585,4.281441191316665,3.1927913121471323,1.0886498791695325
0.5603244443708881,1.6226459740652088,1.1185121741692612,0.4184824641112842,-1.6228673885893636,1.1730664013341725,0.9941779568046256,0.1854486860299261,1.1200000000000028,1.3274801686211424,-0.2074801686211396
0.610344893429535,-0.7730622395645347,0.4103724526628994,-1.3318093063643932,-1.5220071821039076,0.1853093923359602,0.1242519742553247,-1.727236699647407,1.6999999999999944,1.8481957440658912,-0.14819574406589675
0.6392106267289691,-0.8426737880897842,1.1185121741692612,1.6148774690980656,0.0731725271029015,-0.9938197396220976,0.6806407709694808,-0.3630023841046378,2.360000000000009,1.7991061114553164,0.5608938885446928
0.6037653260231666,-0.1138936580505965,1.1185121741692612,-0.8406388958017931,-0.2383115050187157,0.2802689377232442,0.6728368764545635,-1.849394864323044,5.174854368932777,1.7977168416006892,3.3771375273320876
0.6056532947760721,-0.6144016679637228,1.1185121741692612,-0.4728586720584899,-1.3921488210067707,-0.5134498937239953,-0.3351239818435554,-0.9000854178034926,3.1000000000000103,1.5985130516616417,1.5014869483383686
-2.045630025100708,-0.6192296214117745,1.1185121741692612,0.7289121049634242,0.2870267413447629,-0.3159802249849779,-0.4242223395190856,0.5217234841767843,4.509999999999993,3.536486870519779,0.9735131294802137
0.5851138512466366,-1.350658375828984,-1.0409634122064515,-1.2636863910227694,-0.8431017791301967,-0.4304324566134248,-1.79966701340506,0.8751862750926446,2.339999999999992,2.3185602100826683,0.021439789917323537
0.6217361558956528,-1.0999255127586989,-2.111937099930062,2.645053762326933,1.6685845290964127,-1.2737035776441783,1.123906539764879,1.777621326262523,1.5500000000000052,2.726019449604646,-1.1760194496046408
0.5955901920750052,-0.8677512244632948,-1.4143143049808156,-0.1700587407451722,1.3299079961562046,-0.1895923718306524,-1.2193793360305445,1.4114288615210713,1.0999999999999963,2.151867765326314,-1.0518677653263178
0.6040791740211309,0.1178948176063761,-0.2749805946365057,-1.417361450657483,-2.2886612496154406,1.1995063977139366,-1.315906119617119,-1.652299262283881,1.2299999999999964,2.095978043204921,-0.8659780432049247
-2.038961716507385,-0.6136102087537048,-0.1750697923447963,-0.8761230389110298,-0.5575717248162504,1.2347813487224524,-1.6566655392917464,-0.9647592454129482,2.220000000000009,2.806466463820154,-0.5864664638201451
0.6196264820772791,-0.9047832408081624,-0.970850568492952,-1.051926718441852,-0.7241379239860946,-0.1971267329187115,-3.2503703406326045,-2.4647330253416606,0.860000000000002,2.716983435103442,-1.85698343510344
0.6221665506524758,1.6263959628751343,1.1185121741692612,-0.184961169288895,-0.4646849875422172,-0.4400523080929924,0.3921360921564104,0.3106448701677859,2.180000000000005,1.6337727770263146,0.5462272229736904
-1.9949305580597263,-0.6019383654880742,-0.1750697923447963,-0.0186424587258519,-0.5878388656598649,-0.9006570242143378,-0.979803004668307,0.1498893056102772,2.3500000000000068,2.733955834820635,-0.38395583482062845
0.6088666131564853,1.620117133835174,-1.3932804518667647,0.03633994083544,0.3898161707451584,-0.7126904454394628,1.1934176352470127,0.1564470505543185,1.169999999999996,1.426379735014118,-0.25637973501412215
0.616451470309258,4.604945262569337,-0.622039171018268,-2.376998382484951,-3.101102765536521,3.608290669060331,-1.0893794123990257,-2.5892222860072702,1.340000000000003,1.8542102326019916,-0.5142102326019886
-0.7358595045999442,1.6224602338203131,1.1185121741692612,0.7006000124583193,-1.9344664944557084,0.0872686403057791,0.3615827145443321,-0.4911034698820694,1.25,1.3647389626768074,-0.11473896267680739
0.5920210215348491,0.6278019386238199,-0.2907559844720603,0.1116896024848137,0.7840613945356509,0.9945769655213612,-1.972489549341298,-0.1515131354561218,1.2700000000000038,2.0130705984228845,-0.7430705984228807
0.6142999402310372,0.6277959416787094,-1.0006485270711931,0.5177902122468898,-0.4752692835122603,1.6771777552668043,-0.1153446886558489,0.5820461639711422,1.0399999999999994,1.5729160117517247,-0.5329160117517253
-2.0393983231473105,-0.6159393066972765,1.1185121741692612,-0.2351543186076576,0.4091030795574619,-1.3198308627901505,-0.6809919406959891,0.7827404596918989,3.48998612075,3.4828130590641244,0.007173061685875393
-2.050483428518372,-0.3244553847266272,-0.8832095138510795,-0.2738996919109783,-1.8339208314536943,1.0719217390319442,-1.1477203169156651,-0.75399819637936,3.5899999999999976,2.5751366392844606,1.014863360715537
-0.7238383276082534,-1.1808486752090963,-0.0330912838249603,0.4001579992884808,1.1360593224009208,0.4575323776299302,1.028181047222133,0.4266333621961532,1.689999999999998,2.6644504329991667,-0.9744504329991688
-0.7422003582133181,0.1285373870267426,-0.0330912838249603,1.4607791929552008,-0.2346744538654792,0.6847956929269376,1.6086144656994463,0.2987364656213379,1.8799999999999968,2.1438617155070343,-0.2638617155070375
0.5937116890487218,0.6524661222086703,-0.8130966701375464,-1.4625125070221656,0.4931594300847645,-1.0200067527186396,-1.195534419481269,0.9403745241186632,3.874999999999996,2.7535705348656005,1.1214294651343955
0.6058945229026923,-0.8492557379470678,-0.7482422897025992,1.60166926590679,1.0358183774209293,0.041835437498537,1.24560131069466,0.2002777858559588,3.87,1.9140788611099218,1.9559211388900783
0.594192074674231,1.620958136614664,1.1185121741692612,-0.3148637382317024,-1.2034904365228722,0.9488842926811905,0.0147240202158474,-0.8640285377244291,1.169999999999996,1.3362976823560053,-0.1662976823560094
-2.0439491191173924,-0.8474224058052724,1.1185121741692612,-0.1204642248005223,0.5918810326432367,-0.0249262020343347,-0.6222415549843641,1.0263878155781678,2.3199999999999945,2.9059808922216543,-0.5859808922216598
0.6228403920655817,0.1365090326322274,0.3665519253419644,-1.1061585029828176,0.3197060544212431,0.8265052515392763,-0.7160161689056276,1.1787479323680703,1.2700000000000038,2.7201596586546946,-1.4501596586546908
-0.7291431278636805,1.8117210981346308,1.1185121741692612,-0.7598882314999136,-1.1102984663554796,-0.385352781726449,-0.285990798787993,-1.5935971227633885,2.430000000000005,1.6612894764856763,0.7687105235143288
0.5933897064419821,0.1250166025593148,0.3665519253419644,-1.2616234126870225,0.6420218640041748,-0.48289081056849,-1.3481852086970438,1.2124887879554889,3.830000000000007,2.8453925193139353,0.9846074806860718
0.6212507416028924,1.5162401136168822,0.4664627276337274,-1.4739682768666966,0.8968127262666462,-0.8765522581328581,-1.994149679449558,1.6206235199036063,2.490000000000006,3.158069665395114,-0.6680696653951079
0.6279291075307359,0.6296140338774231,-0.9375469677290292,0.7464639838155541,-0.0350320616270933,0.6549825861167748,-0.195608133271527,0.7377590449058113,1.280000000000001,1.586929574107235,-0.306929574107234
0.572913712861177,-0.5895460910503939,-0.2942616266577157,-0.6973611323224498,-0.3390701102262012,0.3579283186492836,-2.23462458926715,-1.6000482606374953,1.1299999999999972,2.214805537210088,-1.0848055372100909
0.6028190491660672,1.2107912952804856,-1.8297329039832675,0.0025791510254343,0.8930838563909168,-0.7802198823942188,0.5048636999513475,0.3292339844266913,2.509999999999994,2.0026635436210687,0.5073364563789253
0.6042844619669804,-0.8410642685416695,-1.3950332729596118,-0.4834871751564191,0.1499344379057473,0.1630338899894399,-0.1081957740385068,0.3100762991284466,3.269999999999992,2.1416837746535786,1.1283162253464134
0.5915512848517865,0.3172984142187556,-0.1540359392306695,0.2412172467569204,-0.2771657559004081,-1.241710922555236,1.105296522019758,-0.7711856250898034,1.1100000000000043,1.9117558690100314,-0.801755869010027
0.6037410700987444,-0.8523310154141737,1.1185121741692612,0.85444752830271,1.000439508091385,0.3615738726152097,1.4221304590074153,0.9635911748923252,2.1299999999999963,2.0846893574153125,0.04531064258468387
0.5652378959917326,1.6080627239839644,-0.6763766248962402,0.065816119414359,0.4493685069731046,0.946594469638285,0.8367171411522799,0.2098430910993871,1.6399999999999926,1.4785305364439358,0.16146946355605674
0.5763829756150083,-0.5982781107834373,1.1185121741692612,0.65571895168497,-1.9466744371997808,0.541697969637404,0.1773760313429713,-0.9620664297960148,2.2900000000000063,1.764179453342872,0.5258205466571342
0.5824226268495845,-0.0745325902427452,1.1185121741692612,-0.6652415593594275,-0.5907289672150675,2.155578872286899,-0.4988999285941181,-1.21826084554556,1.5999999999999988,1.8130968316731206,-0.21309683167312188
-2.0628548373946742,-0.6056906375385643,-0.8832095138510795,0.6216541347624197,-0.8417909166958568,-1.7145496507401323,0.4937096602162469,1.5186473708907886,1.8300000000000007,2.560479851395625,-0.7304798513956243
-2.047976933692252,-0.854936027850686,1.1185121741692612,0.0091555651020929,0.5291220777031796,-0.7245611994569932,0.0667663248936159,1.0046749449542514,3.1000000000000103,2.5613245961213007,0.5386754038787096
0.6394645744257035,0.1231962271200333,-0.8130966701375464,-1.1793383901892878,0.1280628749613303,0.3401416478759572,-1.5944952730473647,0.8668382082450092,2.5199999999999947,2.2102936138410767,0.309706386158918
0.5934016865022208,1.640945321963827,-0.9831203161427902,0.7955465713023872,-0.3899932027779959,-0.6985817623865687,-0.0007055352358506,0.4703118016837,0.96,1.3774413211815326,-0.41744132118153265
-0.6891184861059979,0.1035013240727174,-0.0330912838249603,0.0274036946518079,0.6582048709368954,-1.1479319658192286,2.5972616826491,-0.107658709694487,3.6399999999999895,2.2503893954117427,1.3896106045882468
-0.7164609769310112,1.6166719713957702,1.1185121741692612,-0.8291426285017279,-0.9518121431408836,-0.4871850396171033,-0.7752106184468607,0.0882230383002807,0.9399999999999984,1.6495364178996537,-0.7095364178996553
-0.702960928058363,1.63710513139694,1.1185121741692612,0.3504706614366693,-1.7138084270655285,0.1755338588364892,0.7860037977172011,-0.0240043111779924,1.280000000000001,1.420588961885603,-0.140588961885602
-2.0396486472455697,-0.5784162835942271,1.1185121741692612,1.8433384534089072,0.0859242597950171,-0.7990096387220449,0.6100312018036137,0.1915382623601312,3.410041637750001,2.9223077483655833,0.48773388938441764
-0.7205816739482058,0.6432756250183306,1.1185121741692612,0.6425538362190737,0.22639514897407,3.5942577979673684,-1.680520526608202,-1.0823677136565812,3.3399999999999954,2.725322068147613,0.6146779318523823
0.6140325334543223,-0.8496612469740331,1.1185121741692612,0.7030645359376246,0.0282355861979391,1.1266666726541323,-1.181450736560577,-1.39546196077831,2.579999999999996,2.137958060949313,0.4420419390506831
0.6103400126642152,0.9877426554960976,-1.452876369023241,-0.0468068330991649,0.3260566062597032,1.5376477449325814,-3.079686417619788,-0.6358262336235029,2.310000000000002,2.1355670596067786,0.1744329403932232
0.5997157698575105,-0.8736497426493172,-1.1180875402912418,0.3361489013446972,0.8408503304642378,-0.5711300820963254,-0.6315294625541229,-0.0986055696333189,2.019999999999998,2.243476472319244,-0.22347647231924617
0.6268906877411314,-0.5614234444620951,-0.3398349750715015,2.3831016331517945,1.674873425091782,0.3401157008727505,2.550941853920003,1.1845272764843646,1.5699999999999947,2.428746726846647,-0.8587467268466524
-2.0952611961524847,-0.6216329659372469,-0.304778553214748,-0.6540634251842311,-0.5599798638902688,-1.37982682120846,0.6987130477485185,-0.999980190690104,3.1499999999999893,3.128011718003464,0.02198828199652514
-0.7699467693410603,2.137211772375942,1.1185121741692612,-0.4512104824811053,-1.7892901960907168,-0.6708703628446364,-1.155174584795385,-0.9610646617742902,1.8999999999999968,1.751140143601652,0.14885985639834476
0.6093786498053256,1.4713741064926216,-2.150499163972495,-2.674260236442064,1.2971044654180153,2.80606641234926,0.2581276231466347,-2.66894636509368,1.0900000000000027,3.3698233324589597,-2.2798233324589567
0.6055932465729016,-1.097242842633893,-0.6606012350607292,2.200451777346952,0.3453302571349622,0.724410280240508,0.8199460835024762,0.6801314369626628,2.0299999999999927,1.992643961833815,0.03735603816617772
0.6217976831186196,0.4516949023197926,1.1185121741692612,-0.4034930523108816,0.6077407003737736,-0.9127613012613912,0.3020889922039773,0.0317652878329768,1.990000000000005,2.5468696304574623,-0.5568696304574572
-0.7060115542626582,1.9998920039206027,1.1185121741692612,-0.3236997765873645,-1.526520630091525,1.5863145930279037,-0.3270306952822232,-0.3119494428625708,1.0900000000000027,1.613831241383383,-0.5238312413833803
0.6476673660438015,-0.1070624636007627,0.3893385995489022,-0.1375652289863677,1.9800365533830016,-0.6894224702159426,-0.539242471962721,1.7266608906260767,3.9907756232666656,3.5029368667395806,0.48783875652708497
0.6139869796449616,-0.8354279654051707,1.1185121741692612,1.5593368275910815,0.4483973738119814,0.840944758885079,0.2720292721996662,0.2751712266509253,1.6100000000000074,2.2127673665349032,-0.6027673665348958
0.5871134859931356,-0.5961487001084878,-1.6789902899992724,1.9351965069659525,1.8568721204028609,0.5642459155195848,1.282242942121025,1.5103805284773264,1.980000000000001,2.3358585791452677,-0.35585857914526664
-0.7650029978146404,0.6270176867515075,-0.0330912838249603,1.229986869280774,0.543309100070396,-1.3571556270606164,1.5623117382731695,0.9248166606191892,2.5,2.0095778178468873,0.49042218215311273
0.5916875025738105,0.1166020082833052,-2.005015013267005,1.3462277282887651,0.0683808769673301,-0.8864056326424135,0.7144084334516576,-0.3753033734163732,1.0399999999999994,2.2104557327275565,-1.170455732727557
0.6041541603241146,-0.6162246567506467,-0.7026689412888122,-1.1147389500291238,0.1885586271098755,1.1250060644416753,-0.1853707233669728,1.599976719978498,1.7599999999999956,2.132044003634899,-0.37204400363490353
0.5688441899284563,0.436466975825071,-1.5019553596226856,0.5552602258577615,1.1989498698745655,0.1583180221364294,-2.0785132564208424,0.474934825729882,1.6299999999999968,2.2768348623425925,-0.6468348623425957
0.5660112754362346,-0.3276302233498667,1.1185121741692612,-0.4191986281108482,-0.8095382603373349,0.507233862482911,-0.0209272557634191,-1.8923534240596207,1.409999999999997,1.7810699563535983,-0.3710699563536013
0.6148124205858264,-1.110119246599125,1.1185121741692612,-0.0674007253102044,0.3513160655342335,-0.3847397837732538,0.517467930164608,0.6848131231002089,1.0,1.991596249922808,-0.9915962499228079
0.6106559312898835,2.1754733137676023,-0.327565227421606,-1.420159580889977,-1.1271008635114967,-1.524007831886482,1.1128153948212216,-1.7454794819438235,2.459999999999993,1.69603091065561,0.7639690893443829
-2.1828392819709013,1.913879969537755,1.1185121741692612,-2.2022611244918147,-1.6839297603922063,-1.179409387556763,-1.538047292737175,-1.6183576169846183,2.490000000000006,1.9017500337055984,0.5882499662944076
0.603023893405995,-0.8458408628313643,0.3455180722279647,-0.4642911414825751,1.4257492368090128,0.4742811682704792,-0.7885171421621049,0.8463561134225279,1.460000000000002,2.418373617540157,-0.9583736175401552
0.642334612314484,0.7381393291721504,0.3735632097133587,-1.2513748721686144,0.6032272523861544,0.4408354809957945,-0.8438544878621278,1.0962803130845375,3.899999999999996,3.045920894339682,0.8540791056603139
0.6115267781380593,-0.8459601140105185,-0.6693653405249207,1.3802932162316577,0.812326973040901,2.1831183729320727,0.9246068167481886,1.656369039651587,1.2100000000000015,1.996864679690597,-0.7868646796905956
0.591770771387592,-1.121884647710269,0.3034503659998281,1.5252000571582154,1.4863237642727378,-0.5413688692925095,-0.5214937898357199,1.2643675109451564,4.120000000000004,2.740493685580083,1.3795063144199204
-2.044417672584631,-0.8973948343029229,-0.8832095138510795,-1.825777499480895,-1.1479812669449174,-1.0222630957556815,0.5524649863042345,0.7156892033061463,3.769999999999991,2.726342307646162,1.043657692353829
-0.7164963255038196,1.6279395710448774,1.1185121741692612,-0.5806687108181288,-0.4728009044913346,-0.2214163713984199,-0.5170024176747867,-0.6865452521916285,1.0900000000000027,1.6223028693704138,-0.532302869370411
-0.7121522964993925,0.1438599944187417,-0.0330912838249603,-0.6621453282797984,0.5632719491416052,-1.885196604800993,1.7756656919668012,-0.0039283385265309,2.199999999999993,2.3487929550602127,-0.1487929550602196
0.5692213399731103,-0.8276867345347704,-0.3258124063287566,-1.3535683309892843,-1.523204129254036,0.819908225946287,-1.0017947100365483,-2.098590864370157,1.6399999999999926,1.897533331850436,-0.25753333185044336
0.5961720384576192,-0.8705431050105326,-1.563304097872022,0.1408471101524519,1.8031405763093733,-0.5706111420300031,0.397911772158261,1.444726367071851,1.980000000000001,2.3606719458147,-0.38067194581469876
0.6190546930291948,-0.0876397200784629,-1.3564712089171878,0.5144651732744411,1.4593369545549022,0.3453180750373782,-2.199981720110107,0.8448918173727673,4.769999999999989,2.417012549395357,2.352987450604632
0.5985467526211046,-0.5993913693691681,1.1185121741692612,-0.2387378516683802,0.0919186493833023,0.1759230638869113,0.4344124128436755,0.0712640533109709,1.660000000000001,1.6958178477014478,-0.0358178477014468
0.634690150664417,-0.8779227310943178,-1.2179983425830223,0.4913831196265565,1.0915156144826943,-0.5585392987371901,-1.697340988021649,0.2889534337695835,1.9300000000000053,2.449173829132139,-0.5191738291321337
0.6366817987041175,0.1292655206971032,-0.5484206851190857,-1.3183256146692868,0.0399627249213489,0.2431517494792276,-0.9938410841148244,0.065640389360227,4.029999999999983,2.1661597259122876,1.8638402740876958
0.6073457371136859,2.2012181578649943,1.1185121741692612,-0.1911841581761627,-1.6683383368868951,1.6392172894143917,0.0165407486175335,0.3906182224513232,2.019999999999998,1.7676475734993522,0.2523524265006456
0.6044391674362816,-0.7186892036551163,-0.970850568492952,-1.044623005141971,-1.1998063604538125,0.5095366590264905,-3.2149191498961898,-2.760977919951048,1.7599999999999956,2.4434612418307866,-0.683461241830791
0.6195331559289768,-0.856975759438199,1.1185121741692612,0.843562706173875,1.271163321438604,-0.2344612273157283,-0.0435830617240802,0.5672734700022066,2.699999999999992,2.3123150274749493,0.38768497252504286
-2.055873568215294,0.3908695145257373,0.3209785769281738,0.3289998654786144,0.0803628770045714,0.5831483074353084,0.9148678148132302,0.1189845365167999,1.1399999999999952,2.0545524138056184,-0.9145524138056231
-0.7385761681372519,0.132721274071676,-0.0330912838249603,-2.2196473863674893,-2.379485326485296,0.6556572082030006,1.6779545481535263,-2.598231453980059,1.340000000000003,2.4955692687248825,-1.1555692687248795
0.6257210788967905,1.480815980217006,1.1185121741692612,0.3461435273856352,-0.4142105195522704,0.1126221059211396,-0.0243682279029684,-1.5497861295116682,1.8300000000000007,1.949400835382177,-0.11940083538217627
0.6357769344009253,-0.2810065936780447,1.1973891233468723,0.0104999207883863,0.3373788844852658,1.4639842025170848,-0.464431492725767,-0.4442155371267186,1.800000000000006,2.2432515128878903,-0.4432515128878842
-2.0138410092002874,-0.6107616873349859,-0.7692761428166114,0.483030057214395,-0.4567941551810356,0.5081874148544373,1.1277239305806674,-0.7918798059349097,3.620000000000004,2.595865918166305,1.024134081833699
0.6070169510159538,-0.6089944041161798,-2.234634576428732,-0.6718236233052884,0.6091898057631804,-0.673471549927083,1.906452655556438,1.058596688087326,2.800000000000008,2.0781684092663015,0.7218315907337063
0.6228782549720341,0.6529617367113717,-1.6544507946995326,0.1028875306511779,-0.3339345260348068,-0.305854406940625,-0.652584776586386,-0.8596785180265302,1.970000000000007,1.895784366884918,0.07421563311508916
0.5607061793768536,-0.7394354977214063,-0.7692761428166114,-0.1552902160176719,-0.2173062131056378,0.9084458880124584,2.743715339756036,-0.8912240576564073,1.3300000000000052,1.950499763184016,-0.6204997631840108
0.6212995492557177,-0.6128574683521435,-1.2092342371188285,0.515599102712504,0.7263205473093364,-0.1268590045630949,0.1370462189442331,-0.2716147425826463,2.0,2.3162028890208526,-0.3162028890208526
0.6380191283918366,0.1396032362380321,-0.2749805946365057,-1.682182618953349,0.0967947384188048,-1.4955180222452322,-0.3694347056971245,1.1821774084784495,1.1299999999999972,1.6992295684078882,-0.569229568407891
0.574521111561259,1.6281189017108268,-1.1671665308907602,-0.7640572378839766,-0.7507783111032871,-0.5146888631323872,1.3471944502454916,0.420755871888528,1.59,1.3956720207273623,0.19432797927263779
0.5702909670800972,-0.7560511895256955,-0.0330912838249603,0.9010286345233642,1.5808255671317786,0.539362739339053,1.4888559422765029,1.2567640014109756,2.0699999999999945,2.3820127181878736,-0.3120127181878791
0.5915842669929554,-0.6126942166514102,-0.3906667867637499,0.34614722906131,1.4196968383829722,0.1493079252351374,0.8937724077266292,1.6395454287192632,1.1899999999999982,2.2045170857488854,-1.0145170857488872
-2.0200237555988547,-0.6123352802302805,-0.1750697923447963,0.4083047632094421,0.7864763127489994,0.2147138338445237,-0.808235514343709,1.4055152714649315,2.1000000000000045,3.432418316380366,-1.3324183163803616
-2.073254712900308,-0.604809196642964,-0.2171374985728781,0.5143434525591423,-1.2039299745590024,0.3478632401806761,-0.5645744417984205,-2.1088087853799595,4.549999999999988,3.435547944814529,1.1144520551854593
0.6127823180317934,-0.8659512331356052,1.1185121741692612,1.028136742979712,0.6642496321047132,0.0816576008382248,0.7147749713751839,0.7808531197140556,1.300000000000004,2.2174847263969673,-0.9174847263969632
-0.7239937725874391,1.955089402204682,-0.0330912838249603,-1.260437017108695,-1.455411419210698,2.4422722545859417,0.060492616951061,-1.556316130828778,1.7400000000000044,1.6598181402282932,0.08018185977171122
-2.050901991116952,-0.6112433960773509,-0.1750697923447963,-1.2869112956894422,0.1314814919481252,0.3991808105470241,-2.427037047599457,0.2710513428499086,3.820000000000008,3.4516286483285294,0.3683713516714784
0.5550393150785535,0.136371322966058,-0.7307140787742598,-0.5832678879476656,0.3378843594243458,-0.1660973603278465,-0.6466612653224785,0.8333793819429778,1.6399999999999926,2.0388491638406387,-0.39884916384064617
0.5594886502915397,0.1355653665538722,-1.012918274721036,1.4170444630576529,1.9742025462174544,2.5506424119665314,-0.0130971392508675,1.41113442294711,2.920000000000004,2.647809201855952,0.2721907981440519
-0.729211162773704,-0.0526883685978253,-0.0330912838249603,1.2477760947349068,1.0923211306957847,-0.7427370752799451,2.137048522770524,0.351121713207578,3.1100000000000105,2.6618057212652513,0.44819427873475925
0.6066809177212713,1.6982684422339345,1.1185121741692612,-0.1644388444671448,0.353866909781612,1.4686741233670215,0.29344542372117,-0.15425558822732,1.6999999999999944,1.8125848101512074,-0.11258481015121302
-0.7130268408970366,0.6330740786439122,1.1185121741692612,-0.8228207242907036,0.3480708314715302,0.2992297103966805,-0.5263515099057001,-0.2662663392144569,2.58999999999999,2.1065751378393673,0.48342486216062275
-2.04705432115164,-2.176599470910501,1.1185121741692612,-0.3491906906565109,-1.7141837682731542,-0.8758970962996016,-1.7847727287312944,-1.18445441814925,1.25,2.2360987006965933,-0.9860987006965933
0.5946931665766619,-0.6237925539002042,-2.0926560679088726,1.0961720280108822,-0.518290731404705,-0.5633589546032262,1.33300606934873,-0.8804155673229833,1.689999999999998,2.3184792108164727,-0.6284792108164747
0.5740126245598918,1.9174478181258623,-0.1663056868805687,0.6661965986756975,0.6889508421276977,1.1295759804006695,0.5110081980504325,-0.2903640494756493,1.7900000000000025,1.6563409516679202,0.1336590483320823
0.6159386941505421,0.6066607539746605,-1.0006485270711931,-1.6154800667310711,-0.1657286332674726,-1.778943626220678,-1.5436306780896638,-0.0930337990710796,1.2599999999999971,2.439162828413986,-1.1791628284139888
0.6170340562017566,-0.4799968249652675,-1.0409634122064515,-1.3717705873664232,-0.7300300258012812,0.2870865128448171,-1.4307124857756532,1.133617606119292,2.1299999999999963,2.3113295626245116,-0.18132956262451527
-2.0595924155574816,-0.6175766102571445,-0.8832095138510795,0.1199032100962561,-0.7356730156992894,-0.3206117650768038,-1.4501996103403842,-1.328626660725588,1.6399999999999926,2.7852457406753923,-1.1452457406753997
0.5900224221021886,2.1144121710688766,-0.7482422897025992,1.8054925644033617,-0.949090962291496,1.5497260749765611,0.9113620477375062,0.703017549413822,2.879999999999997,2.099036314610407,0.7809636853895898
0.5917744689370511,0.5793908839846946,1.1185121741692612,1.163480593696992,0.0941962685723748,-0.5346779228559775,2.295376184460795,0.8256878792717146,1.689999999999998,1.7151872918863176,-0.02518729188631963
0.6486708809665191,-0.5535891784157109,-0.2942616266577157,-1.5827470240648651,-1.6469749090501595,0.5463230229786604,-1.304703436176249,-2.4956150909761394,1.7599999999999956,1.980747331825171,-0.22074733182517536
0.6056470828929964,0.2424703983561222,-0.622039171018268,-0.3795964529834825,-1.0818652114168332,-0.160479834109922,-0.7367062751156948,-2.34656060108436,1.910000000000004,2.2448376556266005,-0.3348376556265966
-2.03084988460594,-0.3502556571311622,1.1185121741692612,0.8790232413630945,-0.4485901523266543,1.653891709808574,-1.8137904093511368,-0.4102750048052178,1.75,2.613454758813898,-0.8634547588138979
-2.078997746717425,0.5392641006113603,-1.728069280598696,0.4089650112035207,-1.3362012314330682,-0.2288761348521771,1.7797586037722886,-2.6717824097795786,4.730000000000011,2.4220041062308755,2.3079958937691356
0.6209775666489872,0.6612412071599304,-0.8884679771295956,-0.1445181435924412,-1.2625738107709985,0.3039066577446156,-1.4654672734588243,-2.69595652970488,1.92,1.9743729037025834,-0.05437290370258352
-2.0317964572670024,-1.1174301579915389,1.1185121741692612,-0.9118737598628784,-2.1058465690406747,1.957467015216361,-1.4441104064537074,-0.9053531607961036,2.089999999999994,2.232751130762532,-0.14275113076253776
0.5926774105145162,0.6240309880149323,-1.452876369023241,0.1666184532303044,1.032018626923918,0.137268515696034,-2.9844777644508067,0.6064890780776782,2.5,2.1431827389194194,0.35681726108058065
0.6100206922931053,2.115229323612531,-0.7482422897025992,1.727380764981463,1.1567756427738272,-0.4370684027116887,0.8747500585693283,0.3986899005992954,4.92138632162778,2.0011153487618483,2.9202709728659313
0.6053023233816127,-0.4618267027310368,-1.505461001808326,1.3990576288256351,0.820240802988651,-0.945979952257255,0.2774268233949224,0.1155742383978138,1.3899999999999937,2.1439545439158514,-0.7539545439158577
0.5879460262289465,-0.8565698102684706,1.1185121741692612,1.2005766587107978,0.7746860164744173,-0.0072238590217948,0.9698694049347834,-0.2193851751619475,1.4399999999999984,2.203843763316135,-0.7638437633161368
-2.032526353529893,-1.7929682376105156,1.1185121741692612,-1.1804661644857892,-0.7744052420731473,-0.2916678828773809,-1.5992845879061195,-1.1952471148427333,1.959999999999996,2.3987689997499677,-0.43876899974997174
0.5883585248463999,0.1202733215748017,0.3665519253419644,-0.9374757676557566,0.7347924119789025,-0.095917203107936,-0.7137838788457243,1.3776665717080063,3.029999999999986,2.8455276382561663,0.18447236174381976
0.6251114269422631,-0.3603529997070556,-1.2092342371188285,1.4856252708441078,-0.1946532470892766,0.2030506558539073,1.0726672362612155,0.8830345860466254,2.300000000000008,1.7873718582577436,0.5126281417422642
-0.678507850281278,-0.6418001971843461,1.1185121741692612,-1.005575809504175,-1.2476468324747918,1.7120116072188831,-1.5089068627660225,-1.7046055416702193,1.1399999999999952,1.9573046605770974,-0.8173046605771022
0.6299911569120995,-0.860258261618699,-0.9410526099147034,-0.2591612137403864,1.1072586638544843,-1.335308250268266,0.0963650697800389,0.3401722082314357,2.430000000000005,2.278950246889888,0.15104975311011692
-0.7264789695287027,-1.1751830200522582,-0.0330912838249603,-0.2341754559234418,1.2568638854952516,1.2744056661621754,0.6892222047187678,0.6331938670530877,3.190000000000004,2.7442907083698453,0.4457092916301586
0.5699672096496528,0.6890179565563676,0.3455180722279647,0.3911693061556167,0.491050946131233,-0.2975902863846091,-0.4759782923820705,0.9003083157184475,3.129999999999996,2.156788161128059,0.9732118388719369
-0.7332722552936681,1.768821043489899,1.1185121741692612,0.0377149285999342,-1.895041337068669,0.8245073322843368,0.2865916015844553,-1.3855599125681235,1.25,1.3911693518478268,-0.14116935184782675
-2.0599598040715508,-0.8586544364175447,1.1185121741692612,0.4540299675617942,0.4145817396857832,-2.855426413059272,1.2495935148280684,0.8253799032920708,2.189999999999998,3.1696765128242674,-0.9796765128242693
0.5902231250867266,-0.606650396336601,-1.3144035026891023,-1.0337408713890006,0.1725257051730758,0.0010791820392964,-1.493069536249591,-1.1704567406566229,1.9300000000000053,2.918000321440701,-0.9880003214406956
0.5702942209236438,-0.6191018974844835,-2.0926560679088726,0.6945424938300853,0.6890537305840201,0.5500983119610842,0.992515330142677,0.6399512887311303,1.7599999999999956,2.0222655803864704,-0.26226558038647485
-0.7146546500701139,1.5793739987879196,1.1185121741692612,-0.0011456706430704,-1.7531935102998502,-0.5805293840476413,0.7489110719256425,-0.9434694187171144,1.3700000000000032,1.5476193464178194,-0.17761934641781618
-2.036090643304775,-0.2839589612793048,-0.8832095138510795,-1.1482173075944495,-2.603527271348727,-0.5877373225669685,-1.1356156347588695,-1.1168458428578272,0.9399999999999984,2.7522821370977466,-1.8122821370977482
-2.038795918389733,-0.7443017986074616,-0.8832095138510795,-0.1286548872071832,-0.0078332965405147,-0.3838705591618503,-1.4479097458943162,0.0559047384284389,1.3100000000000018,3.0947946381297284,-1.7847946381297266
0.5959815407095879,0.3501000001198598,-1.2179983425830223,-1.8381121116653196,-1.1670719793362476,2.171252446264719,2.021466517522387,-2.2894128610742714,1.529999999999999,2.4539398298801043,-0.9239398298801054
0.6483244945333713,0.6376191303326977,-0.3941724289494713,2.4308807636416403,1.1593251998428704,0.5633183101508005,1.5224866043217684,0.775967244373902,4.379999999999996,2.333548399712237,2.0464516002877593
0.6139488209345737,-0.360304776565866,-1.2092342371188285,0.9362219431119526,-0.946499185772494,1.3726248038405469,0.6872677158222231,0.790942999428309,2.0799999999999987,1.786139408328723,0.29386059167127576
0.6462983113817399,0.2277910924938959,-1.012918274721036,1.9745195667123057,1.709648307432319,-2.54463104508542,-0.3350075029699927,1.152991889908736,2.8500000000000094,2.918048844579113,-0.06804884457910365
-0.7367846314741728,-1.1711581070706054,-0.0330912838249603,1.494362286393707,1.2200628557098208,-0.2968345799129147,1.3223158549486815,0.478197340503331,3.1499999999999893,2.76169967982861,0.3883003201713793
0.6151505245082038,2.44878037598975,1.1185121741692612,-2.74583363887065,-2.588259162185109,2.7918789534172093,-1.5067576090319523,-2.306797187063806,1.1899999999999982,1.7743152702097857,-0.5843152702097876
0.6015537477417663,0.6554311164053653,-0.1663056868805687,0.7186401928068185,1.4284608925385964,0.0109714770539271,0.152428270777001,0.8034989432140479,1.7799999999999951,1.948413723080103,-0.16841372308010794
0.6002921438669335,0.8804307475987317,1.1185121741692612,-1.3919877369929186,-1.8341776983784976,0.4129683994344236,0.3675516392679105,-2.4124518119849228,1.8999999999999968,1.8851979514363137,0.014802048563683057
0.6051329756164612,0.6239001280704705,-0.1207323384668303,0.9249417706995264,1.3162869032047075,0.332351060130287,-0.9373805628492312,0.7500679310375374,1.400000000000004,2.0395245622170695,-0.6395245622170656
-2.0496738130892096,-0.6063507141345923,-0.1750697923447963,1.3256004961481485,0.6873840028249698,0.9002855554693354,0.4416987079269482,1.2220168653332353,2.75,2.8968575214692196,-0.1468575214692196
-0.7326963249902212,0.6329348834959266,1.1185121741692612,-0.1466753526427875,0.234817757618677,0.0518899012835077,0.0892368667405004,-1.066417265391806,2.060000000000002,2.428835749836761,-0.36883574983675915
-2.05032680032338,-0.6022930380262108,-0.1750697923447963,0.6749298142371555,-0.5407918103754554,-0.8367300947935685,1.0125998602188608,-0.9252221239521276,4.0900000000000025,3.0522735297921337,1.0377264702078688
-2.0257758114366635,-0.1123517829429702,-1.728069280598696,1.90470862432066,1.6260947716755012,0.9723144366757808,1.6047514714094775,1.1036435336676012,1.3199999999999952,2.293167522791247,-0.973167522791252
-2.0530381393894377,-0.6457008523629442,1.1185121741692612,0.3074456657192805,-1.1252473266836862,1.7982724197441506,-0.8123282361347172,-1.942814676152552,4.2600000000000025,2.8839650477114356,1.3760349522885669
0.5838163071910423,0.6325987244626506,1.1185121741692612,-0.1339426780758456,-0.1565828878243449,0.6912500100020915,-0.1292972615882848,-1.2659800596195672,2.1399999999999912,1.8873221840342642,0.252677815965727
0.605150280147914,-0.9189306807842812,-1.9717114125031237,1.481904882484942,1.2329055490055258,-0.962268183588995,-0.2987949242296264,0.8795069637449425,3.6799999999999935,2.1853272317770878,1.4946727682229057
0.5905022161197446,1.6083516777061884,-1.1671665308907602,-0.3685350066719652,-1.2768293110265765,0.0097584546487418,-0.3216308639132043,-0.6888545079804503,1.810000000000002,1.3972040384928648,0.41279596150713727
0.6054197575523693,0.6270559241538186,0.4822381174692273,-1.0507048089354918,0.5070730557698767,-0.0371796743503903,-1.5443485527786822,0.1716676070284217,3.269999999999992,2.710866991618346,0.5591330083816461
0.5856741039403766,0.141896435037706,0.3665519253419644,-1.3113938530519842,0.765118677214851,-0.7560803217355233,-0.8382621718292798,1.3861387314412026,1.169999999999996,3.0154201377082934,-1.8454201377082975
-2.0951839913198107,1.5575104232486812,1.1185121741692612,-1.3490926245401131,-0.3205628024361564,-1.0387491381133502,-1.0479218640873735,-0.5088464962847598,3.6799999999999935,2.182737961633862,1.4972620383661317
-2.0777944162220403,-0.5942987800864084,-0.1750697923447963,0.996460808769408,0.3379346451919864,0.634588241510167,-0.5124202185944995,0.5983948375868654,4.200000000000009,3.402829255318612,0.7971707446813969
0.5863464663336952,0.1877669856636441,-0.1575415814163884,-2.2871194028396578,-1.783271178489951,-1.140420308358992,-0.1808493289189364,0.2111347852264759,3.199999999999997,1.8045938558775827,1.3954061441224144
-0.7131180964176348,-0.7735188876784796,1.1185121741692612,-0.6818481326136637,0.2302773217916062,0.3263248686100997,-0.079585104425529,-0.2222979736214784,3.960000000000004,2.016144790406577,1.9438552095934272
0.6081719175644443,-0.0609509760768749,1.1185121741692612,0.4745294206554863,-0.6887555792749929,1.358178809744241,0.6059548212575085,-0.7903500790909255,1.1500000000000037,1.6843120032787227,-0.534312003278719
0.5962464331527044,0.6485507910199011,-0.0313384627321083,1.577521861098878,1.3197321647834026,-0.8387280140490391,1.1140124860177991,0.8604395278179751,1.1399999999999952,2.1129613712146083,-0.972961371214613
0.5797016741549191,-0.8309686315189787,-1.1180875402912418,0.689764020479122,1.078555187273661,-0.2579562388187997,-0.5928732976569276,0.2538746312522592,2.019999999999998,2.2613799563727204,-0.24137995637272258
0.6177323014412889,-0.5953667039678234,1.1185121741692612,0.4957860866440332,0.6395821461545724,-1.1344784445996574,0.6903866134255636,-0.4207597255190166,2.810000000000002,2.761767749651786,0.04823225034821599
0.6039482068193371,0.6293070067930983,1.1185121741692612,1.809348683400404,1.0583708577138953,0.5611841691276657,0.6041884466918437,0.2492933475403063,1.9300000000000053,2.205952595983098,-0.27595259598309263
-0.7339570414531562,-0.1933231685345541,1.1185121741692612,0.5546211494476471,-0.1629223270230291,0.838097075270975,-0.3785386792544552,-0.3452435640619166,2.060000000000002,2.3253684948852236,-0.26536849488522174
0.6055039137780305,-0.5971748104276569,-0.8726925872940348,0.2338333599252814,0.4924850344398711,-0.4004117737764145,-0.3513001041700753,0.7810482839795365,1.7599999999999956,2.083298239685717,-0.3232982396857216
0.6003551501096877,-0.5994416831884738,-1.9086098531609224,0.5534325068436029,0.3824952151466479,0.1328272536289401,0.6836065169054193,-0.6932572671547621,3.230000000000008,2.167298437630185,1.0627015623698228
-2.07469631348273,-0.6073969059672057,-0.8832095138510795,-0.8299850039230515,-0.218040076390427,-0.4491791665093115,-0.9954719783593206,-0.3550446457879373,1.800000000000006,2.914170223269087,-1.114170223269081
0.5885902872463707,-0.8561734066948601,-0.3433406172571632,-0.4869582720806247,0.6415002993356852,-1.0777193748452767,0.5022489107519369,-0.3817212318348049,1.300000000000004,2.102288916934425,-0.802288916934421
-0.738271490061956,0.6358894243020639,1.1185121741692612,0.9075737346431524,0.7449114358804099,0.3025379533196597,-0.3834678447672917,0.0332408650541307,3.4987014428416616,2.1500772775901136,1.348624165251548
-2.0637981562122354,-0.8555004284141668,1.1185121741692612,0.8540459897353992,0.658051181841591,1.2467494040018416,0.5326639578257493,1.1971554197671506,2.5299999999999887,3.00962176347298,-0.47962176347299135
0.6375919874785239,-0.852818858646263,-0.327565227421606,-0.7648117915252505,0.59625271938828,-0.1358431544612467,-1.3605992344201834,0.0128997848743676,2.240000000000005,1.9405115266267858,0.29948847337321927
0.6105241506272213,-0.1983511531127598,1.1185121741692612,0.3923897042557759,-0.3290669323764348,1.034048844315835,0.0468885305669656,-0.2583847488048055,1.0600000000000018,1.851680674647926,-0.7916806746479241
0.6334726215791122,1.4701880042800302,1.1185121741692612,-0.7268865610755249,-1.2834849670405577,2.3757618990544183,0.4724778227360994,-0.3501728719120434,1.7400000000000044,1.8678929915987947,-0.1278929915987903
0.6258365903418383,0.6320503616009983,-0.8902207982224438,0.6540558277894574,1.202530199368402,0.7936628320916341,-0.922940602786727,0.9540450476402582,1.8799999999999968,2.258239757077203,-0.37823975707720603
0.6244201330957455,0.6403005075381474,1.1185121741692612,0.152471403398537,1.283961392551427,-1.107675190173673,-1.437669295758131,0.6181707310787278,1.4499999999999953,2.476733569879927,-1.0267335698799318
0.611366748197553,1.625579195456392,1.1185121741692612,0.0640759073609425,-1.857036623899725,0.0515525902402953,-0.5355808930169771,-0.3330824612757411,1.0500000000000025,1.3709523867643907,-0.3209523867643882
0.6210778441902768,-0.860507795054939,-1.4143143049808156,-0.2736527923303509,1.137790448567397,0.123620391951484,-1.5615604440119537,0.3641289038499639,1.6800000000000053,2.1032547751118456,-0.4232547751118403
0.6404043435957735,-0.6120366983851778,-0.7938156381163588,-1.342538453231947,0.9046000694882764,-0.1392357251446806,-0.8162579255056469,1.6317332175138737,2.7599999999999936,2.4151404074456946,0.344859592554299
0.6090023871725422,1.046111349332672,1.1185121741692612,0.9990553305428842,0.3668137276334956,-2.432201598590389,0.125397951557958,-0.0643937644880262,2.180000000000005,2.2502965415659197,-0.0702965415659147
0.6088879110413602,1.6678105070629137,-1.6001133408215291,0.4275613021156967,-1.9493376447197757,2.138685210880183,1.0786659932574667,-0.1493196867355302,1.4499999999999953,1.5304530288651101,-0.08045302886511485
0.6146849290805311,0.1565945073615787,-0.0330912838249603,-0.1874017776706268,1.3745766032805842,1.1562839975310633,0.6989277641059971,0.2852475689594916,1.8700000000000032,2.4027651559796146,-0.5327651559796114
0.5994664071221331,-0.6109236323618996,1.1185121741692612,0.5749221986043597,0.9530654236935217,-0.51095898140594,0.0935099122689167,0.079145079662032,4.360000000000011,2.3384197705949474,2.0215802294050635
0.5764062701765851,0.6287941579504354,-1.452876369023241,1.0306106305477594,1.6842022931085463,-0.0481796181069797,0.5346222470117752,0.714879701157498,1.3199999999999952,2.128682669789342,-0.808682669789347
0.6195676170899239,-0.0612855120837209,-0.3240595852359469,-1.0470715403338735,0.4878202571839288,1.49201669622564,-0.3548096715353168,1.0917261041840045,1.0999999999999963,1.9299583711440886,-0.8299583711440923
-2.047202371031935,-0.6147665738210406,-0.1750697923447963,0.1921608603773592,0.3225398204705375,-0.0228504417689789,-1.058748698895381,1.2635913663517755,1.2400000000000029,3.319858037227176,-2.079858037227173
-2.072196770049588,-0.5983027587780231,-0.7692761428166114,1.4324206255818304,-0.6977644118473433,0.9199274369800976,1.2133216515713092,-1.1972201917233425,4.66,2.71836900311577,1.9416309968842302
-0.7317178055018194,1.6981951722187842,1.1185121741692612,0.2008613100159482,-1.6478740031294874,0.0998269899105411,0.186285620091699,0.3975538866377163,1.2100000000000015,1.401278962041088,-0.1912789620410864
-2.094615751919209,-0.5981752549221111,-0.1750697923447963,0.5154512769331285,0.3730771885759912,-1.419357080760912,0.9533495464217882,0.7489206359046057,2.75,3.3620087575082556,-0.6120087575082556
-2.0600176337450766,-0.8608043412397777,1.1185121741692612,-0.4021893201955562,0.1923140128596693,-0.3472852844861576,-0.5607397596653027,0.3825352631319218,2.0799999999999987,2.7650004303518343,-0.6850004303518356
0.6093369414474555,-1.1075418806297497,-0.1540359392306695,0.398670319341369,0.4040866880815211,-0.7239838786329582,0.6404128063296969,-0.6550719120587893,1.4799999999999964,2.1317542714986386,-0.6517542714986422
0.5824803086211243,0.649777523911058,-0.1785754345304517,-0.2660119572471981,0.49702757265825,0.2717842676387775,-3.4527051648688607,0.6543077074748244,1.340000000000003,2.163551303399681,-0.823551303399678
-0.744918352868418,0.1432916600793366,-0.0330912838249603,0.9462097677610856,0.7527818450117413,-1.2904264212819188,2.356633051120717,0.1539539116714135,1.8799999999999968,2.6531344372938306,-0.7731344372938338
-2.0419525903124267,-0.5338235499285768,1.1185121741692612,0.6405987968382666,-0.0286113585684101,0.5581567098478425,-1.5377204678390526,0.6840347222725071,1.300000000000004,3.4387810624894826,-2.1387810624894783
0.5963415341247296,0.2512616742461613,-1.6001133408215291,0.3005070175423034,-0.9837260141569868,-0.3434581014969224,0.9897525196667546,0.4155360738744557,1.6100000000000074,1.749979459212603,-0.13997945921259558
0.5985389138162466,-0.6120056958294878,-0.8726925872940348,-0.2937633948174979,1.093408882215657,-0.3801731111895109,-1.4204807763053542,0.2875150844140752,1.4399999999999984,2.1275192766946436,-0.6875192766946452
0.5864088809685235,-0.1432131353312538,1.1185121741692612,0.9094819722010358,-1.0119300655369805,0.6784646241179111,0.4898343149853656,-0.4565977508726634,1.1399999999999952,1.7136870307968255,-0.5736870307968303
0.6100507163946723,-0.8536866000984455,-0.7692761428166114,0.6807325732857383,-0.3853831306020383,0.579645461987616,2.095558862012424,-0.1448312976265919,1.5399999999999994,1.9715724979305436,-0.4315724979305442
0.6325818079638719,-1.0287868889261422,-0.0330912838249603,0.436473978933805,1.2986764154788994,-0.2817172071056348,1.121605464464786,0.6422458789971021,4.502385575589445,2.6276877548969377,1.8746978206925071
-2.0427267092668133,-0.605173139687994,-0.1750697923447963,-0.5130970755620065,-0.1569178974435976,-0.3878858579254285,-0.5381947321439855,0.5267007370054093,3.54,3.293119214947561,0.24688078505243904
0.61664906735229,-0.9153137663870838,1.1185121741692612,0.8328034151738501,-0.2064298992733173,-0.5758135161949626,0.8783052294087382,1.1493570964785644,1.1200000000000028,1.4135687962661518,-0.29356879626614907
0.5941176799791367,-0.958099026298112,-0.2890031633791934,0.0878620925292697,-2.2708186407267057,1.271444464408495,-1.720101681972847,-2.3503285123372275,1.1800000000000046,1.6312970881457718,-0.4512970881457672
0.5840899258508874,-0.435833164219546,1.1185121741692612,-0.2331748596928043,0.4059195013378581,0.0261796643724965,-0.0649682408860604,-0.4357879380205143,2.540000000000008,2.0723884558908403,0.4676115441091677
-2.0746871435600616,-0.8572927997703195,1.1185121741692612,0.5141651322607312,0.3025030873618833,-0.2481028643093107,0.0577854807165052,0.574046685320262,1.5399999999999994,2.6660036540223655,-1.1260036540223661
-2.0372243119683904,1.6188454238556906,-1.4546291901160353,0.4662247555848467,-1.5294578852803755,-0.3993998406467773,-0.2253583196950513,0.4273813038610102,1.0600000000000018,1.2008452133901966,-0.14084521339019473
0.7895133499334887,-1.1012683883207646,-2.111937099930062,-0.0278921719976855,1.8005454531266598,-0.5752361953712595,-0.1375144375877538,1.4269303191634843,1.5999999999999988,2.774758662045974,-1.1747586620459751
-0.7032851291947927,0.625077262374315,-0.0330912838249603,-0.5302943212864683,0.4176072953096314,-1.309855321140127,1.094465696907729,-0.4665635377013652,2.1000000000000045,2.32012241085126,-0.2201224108512556
0.6310721724714357,1.638106236105532,1.1185121741692612,0.6893062034364821,-2.180310866484037,0.5681120190134308,-0.3974795122016775,-1.0524940436305108,1.4399999999999984,1.4241938804608787,0.0158061195391197
-0.7532430157166161,0.4094505304103745,1.1185121741692612,-0.4041324402488976,-0.3665462444575321,-0.2626072391629973,0.9299549641798256,-0.1858562481909473,1.409999999999997,2.0868027277356784,-0.6768027277356814
0.5846315428953913,-0.4752990875028098,1.1185121741692612,-0.9226132896229744,-0.1524349126769907,-1.376797508571246,-0.137456293158206,-0.3620716874628107,3.0799999999999987,1.8474105823510505,1.2325894176489482
0.6243781289338852,1.6249850852565806,1.1185121741692612,0.0317180735649136,-0.2057073631580291,-0.4808604575589117,-0.0336126221577999,-0.3337142068750011,1.5500000000000052,1.710809481679204,-0.16080948167919895
-2.055393034687817,-0.6159825232145631,1.1185121741692612,-0.0832886918179233,0.225643436816125,-1.398586504606149,0.4321928537536308,0.4570169411702079,5.279999999999981,3.553304644350719,1.726695355649262
0.5972628155475403,-0.6115333951386253,-1.2092342371188285,-0.7881558541455025,1.5872179522666978,-0.9596021289980672,-0.1951840209618847,1.128907717053204,2.170000000000002,2.1302361322597276,0.03976386774027452
0.5866467073496203,0.5419218884054894,0.3735632097133587,-1.3953926379946702,-1.3613013343498936,-0.8624435750802958,-0.8899189371359768,-2.382112930771854,3.928548770817775,1.937851606493259,1.9906971643245162
